1,0,0,0,0,0,0,0,0,0,0,0,0,0,0,0,0,0,0,0,0,0,0,0,0,0,0,0,0,0,0,0,0,0,0,0,0,0,0,0,0,0,0,0,0,0,0,0,0,0,0,0,0,0,0,0,0,0,0,0,0,0,0,0,0,0,0,0,0,0,0,0,0,0,0,0,0,0,0,0,0,0,0,0,0,0,0,0,0,0,0,0,0,0,0,0,0
2,0.001,0.000707646,0.001313386,0.000832753,0.000771768,0.001315866,0.000830498,0.001498859,0.000569423,0.001120938,0.00121778,0.000594494,0.001007276,0.001341269,0.001254495,0.000919115,0.000605245,0.000616507,0.001148431,0.001190205,0.000616916,0.00110861,0.000734345,0.000836002,0.001415199,0.001246428,0.001379698,0.001007247,0.00061455,0.00054064,0.000812791,0.001166058,0.001106788,0.000622402,0.000708198,0.000913755,0.001098811,0.001370763,0.000685535,0.000853368,0.000973652,0.000901999,0.000881974,0.001476741,0.000553698,0.001084951,0.001175012,0.001451916,0.000552484,0.000771085,0.00085897,0.001450587,0.000986599,0.00095863,0.000855791,0.001105284,0.001489281,0.001060983,0.001445586,0.000733352,0.00064205,0.000749466,0.000635844,0.000682335,0.000974537,0.000750432,0.001482061,0.00135223,0.000936206,0.000757207,0.000554275,0.000915394,0.001486394,0.000733281,0.000799552,0.000598835,0.000780211,0.001272017,0.00054344,0.000845629,0.000792829,0.00145676,0.001398636,0.001214414,0.001258248,0.000862316,0.00116468,0.000776366,0.000972097,0.000550449,0.000889287,0.001427343,0.001033427,0.000922707,0.000536786,0.001036329
3,0.0009,0.000792916,0.001081606,0.001182663,0.001116183,0.00133955,0.001091389,0.000484608,0.00099032,0.000776023,0.001134135,0.001241207,0.001279996,0.001062246,0.001323759,0.001204158,0.000920277,0.00090043,0.000496912,0.000684678,0.000843682,0.000533555,0.000541965,0.000973563,0.000506532,0.001029633,0.000924272,0.001304559,0.00048568,0.000994811,0.001306846,0.000932714,0.001239827,0.000816677,0.001171084,0.001036072,0.001254242,0.000907309,0.00101851,0.001167974,0.000610562,0.000865177,0.001176261,0.000908587,0.001033568,0.001034427,0.000592529,0.000956505,0.000667017,0.000844546,0.000986183,0.001108359,0.000901979,0.000858625,0.001073753,0.000485543,0.000463297,0.000491541,0.001016539,0.000674903,0.000686494,0.00087018,0.00056969,0.001345112,0.001080687,0.001214377,0.000872886,0.000545404,0.000960593,0.000510911,0.000735589,0.001116076,0.001014962,0.000620492,0.000891267,0.000480839,0.001160951,0.001050689,0.00073016,0.000806473,0.000548786,0.001228923,0.00066542,0.001137685,0.000632299,0.000619108,0.000456295,0.00127736,0.000480356,0.001322088,0.001091058,0.001069992,0.000833005,0.000479311,0.001232452,0.000951513
4,0.0012,0.001322494,0.001111463,0.001660206,0.001151162,0.001073447,0.001181737,0.001411955,0.000645836,0.000868064,0.001082385,0.0011809,0.001254368,0.000849396,0.00093612,0.000979131,0.000671542,0.001028224,0.000800567,0.001575246,0.001297381,0.000873025,0.000645289,0.000673533,0.001769896,0.001299549,0.001015324,0.001586717,0.001725121,0.001585646,0.001661568,0.000935356,0.001663435,0.001799993,0.001158082,0.001247216,0.001651889,0.001162926,0.001090575,0.001568561,0.000716521,0.001127335,0.000997754,0.00137172,0.00164262,0.001630528,0.000865908,0.000898787,0.00082521,0.000881485,0.001142486,0.001353357,0.001391601,0.001168433,0.000833804,0.001104068,0.0010052,0.000978443,0.000843654,0.000993373,0.000988655,0.001388892,0.000656248,0.001550245,0.00175221,0.001082018,0.00172902,0.001304627,0.001069053,0.001470545,0.000601494,0.001208969,0.00167188,0.000785485,0.001587938,0.000991903,0.001252928,0.001429716,0.001402898,0.001675377,0.001249675,0.000888523,0.00150092,0.001280845,0.000736804,0.001637401,0.001575905,0.001139623,0.001736602,0.001610431,0.001306284,0.001426816,0.001160998,0.000642598,0.0010747,0.001344156
5,0.0006,0.000799003,0.000330188,0.000521111,0.000644257,0.000681872,0.000500804,0.000841721,0.000705425,0.000308151,0.000823565,0.000720002,0.000343673,0.000351249,0.000787013,0.000845195,0.000775194,0.000481256,0.000563988,0.000820573,0.000701632,0.000752055,0.000623278,0.000702274,0.000850495,0.000439005,0.000382199,0.000315225,0.000326515,0.000799361,0.000415947,0.00075092,0.000526811,0.000565999,0.000886737,0.000306525,0.000794399,0.000658024,0.00085151,0.0003283,0.000613224,0.000752219,0.000739674,0.000580554,0.000655059,0.000825176,0.000814103,0.000515802,0.00058828,0.000569413,0.000739612,0.000770202,0.000603793,0.00032602,0.000819055,0.000367035,0.000410173,0.000790377,0.000483474,0.00033379,0.000627362,0.00077008,0.000321382,0.00033025,0.000505994,0.000428585,0.000707706,0.000336486,0.000331165,0.00046366,0.000743513,0.000351103,0.000300584,0.000561287,0.000719338,0.000390722,0.00031431,0.000594012,0.000691249,0.000733598,0.000466131,0.000808566,0.00069512,0.00046055,0.000416776,0.000750878,0.000358675,0.000746474,0.000481202,0.000801423,0.000512879,0.000880954,0.000509655,0.00075191,0.000867031,0.000450203
6,0.0006,0.000827799,0.000531578,0.000480805,0.000784256,0.000570527,0.000392965,0.000411713,0.000554302,0.000847542,0.000678999,0.000433898,0.000704085,0.000703864,0.000353593,0.000523129,0.000673935,0.000343099,0.000468256,0.000769971,0.000575234,0.000397492,0.00040514,0.000790952,0.000496479,0.000774332,0.000776821,0.000846082,0.000876485,0.000505851,0.000896484,0.000559775,0.000456772,0.000857178,0.000897174,0.00031054,0.00041064,0.00088235,0.000567886,0.000588726,0.000810735,0.000866814,0.000409471,0.000746902,0.000416981,0.000757685,0.00088589,0.000437102,0.000644937,0.000588498,0.000389937,0.000369735,0.000593208,0.000729726,0.00031693,0.00085528,0.0003435,0.000486537,0.000842725,0.000865779,0.000647403,0.000545251,0.000855173,0.000354193,0.000390501,0.000724309,0.000764855,0.000347449,0.000451569,0.000331474,0.000739766,0.000564814,0.000565106,0.000737815,0.000399213,0.000300677,0.000862543,0.000441492,0.000613592,0.00050568,0.000425134,0.000457853,0.00068822,0.00047084,0.000748195,0.000456546,0.000405983,0.000436627,0.000871243,0.000784351,0.000345812,0.000367831,0.000883064,0.000592921,0.000399349,0.000501935
7,0.002,0.001331227,0.001844229,0.002235918,0.00100998,0.002791423,0.002841238,0.001218745,0.001295313,0.001208189,0.001600885,0.001828458,0.001138291,0.001230507,0.002371681,0.001745994,0.00165029,0.002117716,0.001053255,0.001780076,0.001376026,0.001171837,0.002869332,0.001684361,0.002186485,0.001971711,0.002460586,0.002647752,0.001541025,0.002107244,0.00176632,0.00184532,0.001426243,0.001783612,0.002835928,0.001672331,0.001272323,0.002256366,0.001088815,0.002701145,0.001686979,0.001536454,0.001866439,0.001818672,0.001692303,0.001275019,0.002662978,0.001695197,0.002364073,0.002195003,0.002431061,0.001942818,0.002489066,0.00108527,0.002943936,0.00194513,0.001622083,0.001315137,0.001802104,0.001041204,0.001795082,0.00197694,0.001041947,0.00225348,0.001526825,0.002004423,0.00148542,0.002643348,0.001844773,0.001385533,0.002738754,0.001626342,0.001536063,0.001879738,0.001754959,0.002977232,0.001761461,0.002727368,0.001323189,0.00122776,0.001982628,0.002513114,0.002151559,0.002340664,0.002629477,0.001819598,0.001609924,0.001889667,0.002241206,0.001791222,0.002631478,0.002996558,0.001996752,0.002032799,0.002678191,0.00243392
8,0.002,0.002546893,0.001470975,0.002117248,0.002150173,0.002162453,0.001257526,0.002780606,0.002300393,0.002771121,0.002641628,0.002796324,0.002251185,0.002462555,0.002645174,0.002453242,0.002922601,0.001718931,0.001139741,0.001336637,0.002433304,0.001510225,0.001961323,0.002612256,0.001783004,0.002966099,0.001654466,0.002662074,0.002041242,0.001873658,0.00296156,0.002707782,0.001754005,0.002773536,0.001092174,0.002220556,0.001015023,0.002133296,0.001081299,0.001230653,0.00200762,0.002646409,0.002347519,0.002778606,0.001213474,0.001617145,0.002462793,0.002447449,0.001428176,0.002855345,0.002625044,0.001461308,0.002174188,0.001809968,0.001759501,0.002893049,0.001210693,0.002344843,0.001447352,0.002208084,0.001257667,0.001602733,0.001534673,0.001928518,0.002132534,0.001862117,0.00123129,0.002245186,0.001973531,0.002684812,0.002288765,0.00102167,0.001981665,0.001081114,0.002059127,0.001952707,0.001781723,0.001283226,0.001906289,0.001580434,0.001851407,0.002015364,0.001972078,0.001189298,0.001374326,0.002837642,0.001926701,0.001619296,0.002393837,0.002968575,0.001071677,0.002900532,0.002917218,0.002339336,0.001074225,0.0022756
9,0.0006,0.000529174,0.000795167,0.000691984,0.000712693,0.000584226,0.000370171,0.00066456,0.000563791,0.000439349,0.000855054,0.000844935,0.000879549,0.000612728,0.000759906,0.000660798,0.000414845,0.000890035,0.000759539,0.000717546,0.000828217,0.000579043,0.000380785,0.000766143,0.000720814,0.000852517,0.000779861,0.000532104,0.000689984,0.00045179,0.000409083,0.000796221,0.000344501,0.000708181,0.000333882,0.000831501,0.000449798,0.000575867,0.000330721,0.000860865,0.000894557,0.000603313,0.000634816,0.000768859,0.000339935,0.000458063,0.000591188,0.000882062,0.000321432,0.000426631,0.000589902,0.000833746,0.000738224,0.000641772,0.000788548,0.000455536,0.000764962,0.000494235,0.000681216,0.000818643,0.000607212,0.000830004,0.000829624,0.000551712,0.000744573,0.00079769,0.000300998,0.000545969,0.000357912,0.000442395,0.000447397,0.000630181,0.000877475,0.000360994,0.000740942,0.000811477,0.000752783,0.000826523,0.000607509,0.00030565,0.000672537,0.000669556,0.000671735,0.000512003,0.000705249,0.000605029,0.000406506,0.000619402,0.000355047,0.000714463,0.000853166,0.000668513,0.000472495,0.000404629,0.000695529,0.000530192
10,0.0006,0.000596299,0.000319374,0.000600244,0.000890471,0.000542606,0.00085943,0.000531873,0.000648088,0.000334555,0.000471948,0.000315998,0.000322463,0.000629279,0.000520224,0.000648886,0.000736159,0.000477734,0.000480622,0.000866665,0.000694207,0.00061156,0.000603158,0.000801317,0.000483393,0.000448291,0.000761848,0.000850065,0.000324758,0.000316924,0.000596214,0.000348396,0.000441968,0.000754331,0.000631112,0.000718418,0.00042738,0.000828751,0.000831462,0.000740174,0.000515587,0.000571848,0.000835741,0.000879471,0.000736325,0.000539123,0.000826514,0.000668426,0.000813269,0.00052662,0.000311641,0.000414622,0.000575889,0.000471475,0.000786865,0.00062557,0.000798221,0.000573764,0.000398469,0.000369042,0.000403866,0.00051961,0.000675196,0.000467908,0.000755691,0.000572789,0.00037453,0.00038081,0.000541291,0.000813337,0.000638147,0.000381088,0.000713559,0.000751095,0.000344866,0.000658432,0.000485655,0.000405348,0.000387739,0.000783615,0.000567266,0.000597868,0.000648619,0.000773921,0.000628882,0.000490685,0.000644848,0.000377669,0.000398987,0.000389491,0.000767198,0.000506518,0.000395806,0.000683936,0.000541591,0.000675707
11,0.00045,0.000374419,0.00052957,0.000617511,0.000424056,0.000231777,0.000649624,0.000374334,0.000516522,0.000324459,0.000324743,0.000545764,0.000246825,0.000235215,0.000655314,0.000363484,0.000624599,0.000543453,0.000650202,0.00037859,0.000593827,0.00042448,0.000369834,0.000458877,0.000623595,0.000582097,0.000253294,0.00053473,0.000666677,0.000344422,0.000253782,0.000586405,0.000243226,0.00045853,0.000409057,0.000519582,0.00042807,0.000285971,0.000514702,0.000664301,0.00041615,0.000309784,0.000591003,0.000654045,0.000278818,0.000611341,0.000554482,0.000450761,0.000263955,0.000580707,0.000533578,0.000669339,0.000596999,0.000447133,0.00049554,0.000441398,0.000483033,0.000254158,0.000246169,0.000380184,0.000346702,0.000644585,0.000257081,0.00027899,0.000393458,0.00035704,0.000471602,0.00050223,0.000331634,0.000626301,0.00030133,0.000526388,0.000546959,0.000430641,0.000489262,0.000398545,0.000269619,0.000621588,0.00051761,0.000584296,0.000621166,0.000635985,0.000426084,0.000361457,0.000634203,0.000263727,0.000454763,0.000610373,0.000231008,0.000372291,0.000508797,0.000248611,0.000416005,0.000347843,0.000402215,0.000275144
12,0.0006,0.000648201,0.000418386,0.000487424,0.000425893,0.000614081,0.00084155,0.00058287,0.000810881,0.000325071,0.00066938,0.000645848,0.000442597,0.000696385,0.000488892,0.000769267,0.00054161,0.000862393,0.000427233,0.000319849,0.000346942,0.000451928,0.000347396,0.000614219,0.000843095,0.000680644,0.000565792,0.000887886,0.000342003,0.000503179,0.000803143,0.000371288,0.000465415,0.000521218,0.000747342,0.000789966,0.000704795,0.000599111,0.000443988,0.000598796,0.000604358,0.000819085,0.000803847,0.000418303,0.000726221,0.000573353,0.000791116,0.000477876,0.000475627,0.000370612,0.00087858,0.000661905,0.000512886,0.000613937,0.000535099,0.000795022,0.000885107,0.000703435,0.000543481,0.000549232,0.000851026,0.000833544,0.000825544,0.000587401,0.000708767,0.00033203,0.000881838,0.000646538,0.000500015,0.000607589,0.000334737,0.000544694,0.000413987,0.000548472,0.000401054,0.000349269,0.000508353,0.000643629,0.000667611,0.000607291,0.000673729,0.000552359,0.0006669,0.000454185,0.000638012,0.00086577,0.000602815,0.000518714,0.000334266,0.000342509,0.000557502,0.000708095,0.000593345,0.000722132,0.000542532,0.000521295
13,0.0006,0.000603961,0.000593564,0.000315762,0.000711448,0.000859024,0.000475731,0.000715546,0.000399857,0.000803904,0.000708146,0.00084151,0.000472255,0.000453114,0.000868222,0.000738514,0.000555428,0.000562962,0.000815177,0.000821644,0.000552548,0.000319911,0.000344774,0.000340642,0.000821482,0.000758322,0.000645731,0.000463977,0.000705383,0.000465342,0.000595684,0.000522303,0.000402455,0.000448426,0.000782375,0.000898727,0.000568318,0.000815929,0.000685017,0.000878276,0.000364477,0.000837454,0.000305162,0.000498399,0.000606734,0.000802845,0.000464703,0.000547872,0.000506735,0.000526628,0.000578496,0.000723449,0.000421392,0.000420217,0.0007731,0.000305993,0.000743938,0.000374275,0.000360886,0.000857679,0.000499218,0.000680428,0.000813589,0.000899586,0.000664664,0.000405093,0.000753506,0.000645248,0.00054207,0.000505217,0.000585242,0.000679562,0.00062317,0.000607593,0.000688923,0.000375606,0.000497978,0.000596094,0.000770471,0.000558494,0.000694198,0.000397415,0.000653282,0.000861641,0.00044639,0.000844651,0.00030448,0.000655982,0.000412772,0.000409218,0.000345004,0.000408131,0.000861325,0.000453155,0.000619797,0.000855161
14,0.0012,0.001041445,0.00157694,0.00134882,0.000820158,0.000845696,0.001044131,0.001124778,0.001694321,0.001485113,0.001026077,0.00130497,0.000921167,0.000711111,0.000886536,0.000876754,0.001683227,0.001736574,0.001599592,0.001044784,0.000739343,0.001324616,0.001220844,0.001438531,0.001133491,0.001495003,0.001585451,0.000631722,0.001136502,0.001047016,0.001177924,0.001555207,0.001278703,0.001249511,0.001404393,0.001336798,0.000765463,0.001448792,0.001355258,0.000762355,0.000766637,0.001617728,0.001200156,0.001701295,0.000996393,0.000808764,0.00084442,0.000857555,0.001089543,0.000626211,0.001629538,0.000666489,0.001474602,0.001706443,0.001305605,0.001769119,0.001347405,0.001711655,0.00102225,0.001728639,0.001063096,0.001657072,0.001551485,0.001695897,0.00087428,0.00157574,0.001018552,0.001779757,0.000918021,0.001282788,0.000786121,0.001371779,0.000889653,0.000802941,0.001272383,0.001724096,0.000676565,0.001026712,0.001061704,0.001788702,0.000885765,0.001707147,0.000813946,0.001781498,0.001062829,0.001389647,0.00105283,0.001437436,0.001548962,0.000669258,0.001437978,0.001028428,0.000654959,0.000888049,0.001221377,0.001204941
15,0.0006,0.000844081,0.000809549,0.000726889,0.000750897,0.000655868,0.000515923,0.000384114,0.000822451,0.000500009,0.000485132,0.000499323,0.000637696,0.000407929,0.000753569,0.000854292,0.000894144,0.00054298,0.000513745,0.000307123,0.000427997,0.000436957,0.000525524,0.000569733,0.000571385,0.00071519,0.000886996,0.000667055,0.000553147,0.000686205,0.000481853,0.000621078,0.00067646,0.000313944,0.000502565,0.000479692,0.000343064,0.000823359,0.000827369,0.00037104,0.000866274,0.000852712,0.000362129,0.000800844,0.000558211,0.000503589,0.000855175,0.000688197,0.000526396,0.000419849,0.000592831,0.000774586,0.000772333,0.000861022,0.000680678,0.00033256,0.000859521,0.000772906,0.00060109,0.000599219,0.000827013,0.000892074,0.000848602,0.000681155,0.000626565,0.000483704,0.000689574,0.000394986,0.000446392,0.000893285,0.000632721,0.000825382,0.000510774,0.000701252,0.000754373,0.000679731,0.000509422,0.000462032,0.000428582,0.000319619,0.000403016,0.000775626,0.00032506,0.000659714,0.000483627,0.000670832,0.000857342,0.00045003,0.00077633,0.000427226,0.000494165,0.000335186,0.000660735,0.000524157,0.000895589,0.000402438
16,0.0006,0.000600438,0.000747998,0.000709445,0.000867581,0.000601374,0.000644866,0.000394668,0.000511687,0.000661215,0.000887894,0.000415549,0.000565936,0.000847823,0.000626294,0.000372454,0.000881837,0.00077779,0.000830859,0.000517277,0.000480597,0.000426144,0.000731349,0.000417826,0.000641525,0.000573136,0.000479656,0.00038539,0.000603349,0.000890352,0.000551481,0.000408976,0.00059499,0.000809073,0.000355109,0.000335573,0.000848252,0.000764645,0.00068156,0.000432067,0.000870685,0.000499321,0.000836505,0.000522754,0.000317906,0.000704409,0.000385971,0.000617312,0.000701118,0.000307274,0.000533773,0.000384416,0.000798125,0.00049885,0.000732473,0.000794488,0.000408924,0.0004314,0.00058373,0.000727462,0.000450146,0.000838765,0.000613073,0.000491682,0.000662133,0.000551114,0.000433982,0.000660839,0.000795541,0.000757969,0.000433291,0.000737318,0.0003233,0.000623667,0.000599864,0.000520706,0.000877913,0.0003574,0.000503524,0.000858343,0.000535095,0.000716299,0.000731942,0.000653035,0.000804565,0.000344339,0.000437775,0.000533839,0.000483635,0.000745318,0.000315497,0.000343713,0.000784921,0.000333441,0.0008833,0.000435542
17,0.0006,0.000432091,0.000353577,0.000388003,0.000876083,0.000811289,0.00076571,0.000576179,0.000515384,0.000347591,0.000639439,0.000559833,0.000424069,0.00032118,0.00081446,0.000760165,0.000350777,0.00083417,0.000488903,0.00063499,0.000397035,0.000505455,0.000653489,0.000813156,0.000676587,0.000614819,0.000446634,0.000892244,0.000400662,0.000724381,0.000781302,0.000338762,0.0005448,0.000863486,0.000788108,0.000794829,0.000890388,0.000898765,0.000608367,0.000888249,0.000807266,0.000365149,0.000560748,0.000501435,0.000581596,0.000496172,0.000569271,0.000619457,0.000723113,0.000587048,0.000643045,0.000622488,0.000748052,0.000328504,0.000837708,0.000364986,0.000694845,0.000757997,0.000370294,0.000333248,0.000582206,0.000892693,0.00042632,0.000672693,0.000814096,0.000692705,0.00069148,0.000436523,0.000625825,0.00051668,0.000795159,0.000875047,0.000334875,0.000369211,0.000536494,0.000462204,0.000319088,0.00055254,0.000428687,0.000692737,0.000503588,0.000716936,0.000503512,0.0005287,0.000447665,0.000476084,0.000796762,0.000356539,0.000507682,0.000658278,0.000759889,0.000577248,0.000714422,0.00061283,0.000688695,0.000779492
18,0.0009,0.00087698,0.000899708,0.000893181,0.000482516,0.000530142,0.001014909,0.001023847,0.00130813,0.001004368,0.000963186,0.000813521,0.000767613,0.000618898,0.001168018,0.001250526,0.000946793,0.000818639,0.000548621,0.001252964,0.001134037,0.001235841,0.000510335,0.000687154,0.001009659,0.000743968,0.000936275,0.000846672,0.000711749,0.000676699,0.001266509,0.001245168,0.000776578,0.001235441,0.001262054,0.001089988,0.001047964,0.000950815,0.000587468,0.001308434,0.000896618,0.00099938,0.001077929,0.000868811,0.000782692,0.000795537,0.000830729,0.000990414,0.000894062,0.000591956,0.001211837,0.001118317,0.001232395,0.000825725,0.000734033,0.001258329,0.000598303,0.000778494,0.000918644,0.000938678,0.000953202,0.00055704,0.001261246,0.000475307,0.000921826,0.000834796,0.000652096,0.000577922,0.000767707,0.00120491,0.000599638,0.000470196,0.001286503,0.000551095,0.001108634,0.000948001,0.000646278,0.001333171,0.001099032,0.000706254,0.00108158,0.000728686,0.001304294,0.000686853,0.001335864,0.000884789,0.001329275,0.000665037,0.000456328,0.001124905,0.000942655,0.00075671,0.00084727,0.000948138,0.000988856,0.001245737
19,0.0009,0.001201449,0.001155373,0.001169384,0.00055839,0.000965349,0.001204928,0.000768249,0.000859519,0.001335044,0.001294534,0.001157012,0.000616263,0.001036469,0.001012411,0.000906895,0.001017481,0.001067938,0.000580215,0.00058778,0.001004192,0.000689646,0.000499294,0.000669894,0.000814677,0.000694102,0.000803262,0.000754771,0.000757435,0.000476845,0.000821637,0.001230669,0.000769194,0.000626011,0.000897115,0.001287944,0.001289623,0.000851614,0.000465696,0.000650089,0.000695065,0.001276542,0.000766416,0.001320643,0.00116047,0.000654895,0.000505171,0.001242209,0.001083508,0.001122968,0.000470928,0.000664781,0.00065706,0.001191161,0.000964348,0.000478746,0.000557719,0.000482623,0.000598443,0.000834052,0.001318707,0.001153411,0.000955833,0.00092487,0.000648586,0.000865804,0.001261403,0.001073566,0.000592845,0.001000978,0.000711095,0.000690517,0.000562042,0.000980785,0.000898935,0.001281599,0.000722789,0.000850711,0.001318653,0.001041366,0.000857396,0.000523426,0.001087742,0.000717648,0.000941611,0.000609163,0.000754935,0.00063422,0.000581557,0.000716983,0.000596411,0.000499835,0.000735537,0.00127728,0.000572356,0.001134361
20,0.0009,0.00100041,0.000712033,0.00056811,0.000794266,0.000954271,0.000652996,0.001081283,0.000755055,0.000565802,0.001083644,0.001031203,0.001045121,0.001193496,0.000810341,0.001100113,0.000885768,0.001263653,0.001206762,0.001301945,0.000659401,0.000834051,0.000733732,0.000846717,0.001177203,0.000815194,0.001150539,0.000663666,0.000809515,0.000954866,0.001095252,0.000565173,0.001273824,0.000762908,0.00121566,0.001055069,0.000653946,0.001267374,0.001144519,0.001225957,0.001336711,0.000503925,0.000591245,0.000939299,0.000619146,0.001276423,0.00087121,0.001056341,0.000776206,0.000464957,0.001017228,0.000713693,0.000644864,0.000749588,0.000906436,0.001261616,0.000672349,0.001035702,0.000676896,0.001074422,0.001221088,0.001228007,0.000812909,0.00131244,0.001082339,0.000525185,0.000528059,0.000930872,0.000482588,0.000576526,0.000819107,0.00084804,0.000881658,0.000574597,0.000905554,0.001174633,0.000717548,0.000758031,0.001048567,0.000968279,0.001330916,0.001028798,0.000514418,0.001287704,0.00084783,0.000492416,0.00052997,0.001165326,0.000958769,0.001067568,0.001091936,0.000657143,0.001205454,0.001242288,0.001040085,0.000648516
21,0.0009,0.000962575,0.001255484,0.001257031,0.00134451,0.000621876,0.00116206,0.000921234,0.001278073,0.00132726,0.001183738,0.000701505,0.001245067,0.000549532,0.00061694,0.000881531,0.00134786,0.001289201,0.000968099,0.000831703,0.000707447,0.000531901,0.000905824,0.000697492,0.000872473,0.001278101,0.000880735,0.001276204,0.000846115,0.000863331,0.000574086,0.000459209,0.000694373,0.000992821,0.000769984,0.000460015,0.001300297,0.001209826,0.000878571,0.000982195,0.000781236,0.000976866,0.001052328,0.001274392,0.001218579,0.000501577,0.000585051,0.000595341,0.000945254,0.000892514,0.001271254,0.001235904,0.000801984,0.00133263,0.001056291,0.001141035,0.000746843,0.001024961,0.001063794,0.000602248,0.001057882,0.000792357,0.001009428,0.000628253,0.000518703,0.001297703,0.00064834,0.000477006,0.000757527,0.000898922,0.000880144,0.000501966,0.001306718,0.000634547,0.000520515,0.001262466,0.000998344,0.000958167,0.001167407,0.000494095,0.001218889,0.000921353,0.000635746,0.000778802,0.000686753,0.001243799,0.000963592,0.001080911,0.001251441,0.001246247,0.000868181,0.000516392,0.001217823,0.000798248,0.000918318,0.001151095
22,0.0009,0.000671859,0.001253431,0.000765454,0.001014152,0.001337116,0.000566275,0.00115251,0.00052919,0.001108927,0.000528752,0.000800274,0.000469134,0.000944129,0.001006253,0.000456819,0.001309765,0.00065216,0.000606348,0.000957737,0.000962518,0.000555123,0.000996782,0.000590133,0.001329467,0.000512814,0.000556906,0.00085023,0.000992814,0.001011149,0.000744287,0.000862517,0.000891738,0.000848009,0.001276681,0.001309023,0.000886234,0.000988622,0.001244081,0.000575879,0.000849971,0.000456662,0.000920938,0.000484761,0.000676461,0.001208018,0.000939157,0.00096711,0.001317944,0.000691775,0.001162179,0.001164523,0.000828136,0.000757471,0.001202466,0.000973707,0.000874279,0.000901695,0.000491647,0.000621882,0.001134162,0.001055972,0.000908488,0.000855585,0.000763747,0.001153833,0.001302256,0.000931177,0.001128171,0.000478306,0.001027754,0.000974935,0.00130823,0.000727142,0.000834854,0.000862124,0.000569503,0.000586723,0.001344781,0.000793401,0.000881182,0.000938139,0.000455322,0.000570409,0.000525219,0.000897397,0.000718999,0.001115861,0.000502735,0.000715635,0.000762387,0.001185785,0.000736888,0.000803162,0.001178079,0.001178546
23,0.0009,0.000774751,0.00067083,0.001038094,0.000820932,0.000599666,0.000840661,0.000954935,0.000675224,0.000807468,0.000788867,0.000966834,0.001251353,0.001076338,0.000894617,0.001307377,0.000729945,0.000962125,0.001238785,0.00077306,0.000501912,0.000819991,0.001057287,0.000997398,0.000738085,0.000521031,0.000535274,0.001209611,0.000680608,0.001189534,0.00051674,0.000551309,0.000714831,0.000841997,0.001116374,0.00086759,0.000742669,0.00107093,0.000945966,0.000727513,0.000573348,0.000686092,0.000614396,0.000822945,0.000883104,0.001199535,0.001314211,0.000982766,0.001317471,0.001151191,0.000593275,0.000832146,0.000497645,0.000707466,0.000901916,0.000907325,0.000496734,0.000580916,0.00120404,0.00127111,0.00119779,0.000587428,0.000745601,0.000672385,0.000529293,0.000557763,0.000982271,0.001147613,0.000858111,0.000750556,0.000540058,0.000897894,0.000877779,0.000742181,0.000933828,0.000829666,0.001007448,0.000658238,0.001280802,0.000700423,0.000777601,0.001220726,0.000741421,0.000858353,0.000992526,0.000984146,0.000701508,0.001066507,0.000740311,0.000824294,0.001348039,0.000553578,0.00133758,0.00064708,0.000665892,0.000621092
24,0.0042,0.005031106,0.002473607,0.006107134,0.003057907,0.004978,0.003229352,0.006167518,0.004270764,0.006271832,0.002552633,0.003448232,0.003466872,0.00568992,0.004785237,0.004422796,0.003951131,0.002714261,0.005027222,0.005898623,0.005573249,0.003579049,0.004392935,0.005454547,0.005060813,0.003626638,0.005535084,0.002192925,0.005680016,0.005099259,0.004789807,0.004162531,0.002325501,0.004308481,0.002222997,0.003710639,0.002430287,0.005886146,0.003049824,0.003757111,0.002991819,0.003503532,0.004456029,0.005403796,0.005411798,0.003528183,0.005178322,0.002739698,0.002533431,0.00403048,0.002384169,0.004272118,0.00619451,0.003301463,0.004514639,0.005782196,0.004672818,0.006060143,0.00449727,0.006279927,0.003458776,0.002220699,0.004403994,0.003921408,0.003930094,0.002339039,0.00382991,0.005515488,0.004278326,0.003006109,0.002286781,0.003341161,0.005537728,0.004886009,0.004490949,0.004639733,0.002824618,0.005738467,0.003118312,0.003660819,0.003404357,0.003862855,0.002333819,0.004409891,0.00421288,0.005408603,0.003767874,0.005789138,0.00392532,0.005083846,0.004638347,0.004840427,0.004471214,0.005527804,0.005429967,0.006281234
25,0.0042,0.003926691,0.004579576,0.004043012,0.003679415,0.005413823,0.003237301,0.003001877,0.004549381,0.003938897,0.004265756,0.00212911,0.004539451,0.00335143,0.004126017,0.005886409,0.00457,0.00225333,0.006161493,0.003205058,0.0029344,0.003324811,0.003699416,0.003479813,0.002870078,0.002640667,0.002149072,0.004199279,0.004656112,0.002437157,0.003827671,0.002162892,0.006107189,0.003231339,0.003159543,0.00493231,0.0051974,0.004542117,0.003398697,0.005759785,0.005827857,0.004590094,0.005305167,0.005107885,0.002683848,0.003450872,0.004350033,0.004862257,0.005379366,0.00260945,0.004877222,0.004124695,0.005900844,0.004918467,0.003969647,0.00366087,0.004681933,0.00537542,0.00260512,0.003244213,0.004397312,0.002988144,0.004622058,0.002671022,0.005524905,0.004184533,0.00608918,0.004300977,0.00508018,0.002667433,0.005231001,0.002738091,0.003165232,0.003040101,0.004257585,0.003914956,0.003902701,0.003851476,0.002429281,0.004318418,0.003224133,0.004476904,0.005736193,0.003977916,0.003488984,0.003391241,0.005273865,0.006017115,0.002607091,0.003774258,0.004424455,0.004140091,0.002679107,0.004441379,0.002996169,0.004092388
26,0.0006,0.000453768,0.00081376,0.000426449,0.000709096,0.000726546,0.000849711,0.000827577,0.000394703,0.000682744,0.000833369,0.000545304,0.000491005,0.000380869,0.0003266,0.00062854,0.000443275,0.000628079,0.000651587,0.000440557,0.000409686,0.000514205,0.000756284,0.000888203,0.000418902,0.000895039,0.000604998,0.000820261,0.000798591,0.000870505,0.000720892,0.000697098,0.000343871,0.000759638,0.000487054,0.000831392,0.000561359,0.000717705,0.000643304,0.00032302,0.000896297,0.000424504,0.000871828,0.000536137,0.00079947,0.000671681,0.000556249,0.000479416,0.000353201,0.000367517,0.000843946,0.000866734,0.000307879,0.00085758,0.000535704,0.000602056,0.000535983,0.000589559,0.000772252,0.000376851,0.000386321,0.000342569,0.000671928,0.000482668,0.000401185,0.00086577,0.000660892,0.000352307,0.000570743,0.000593019,0.000415318,0.000443786,0.000411409,0.000668796,0.000748747,0.000440248,0.000369756,0.000482778,0.000795593,0.000700531,0.000754072,0.000328325,0.000893129,0.000474563,0.000301733,0.000324002,0.000653237,0.000405782,0.000547804,0.000630932,0.000517178,0.000749807,0.000744348,0.000408141,0.00067978,0.000883005
27,0.0006,0.000307176,0.000800789,0.000538571,0.000667006,0.000834451,0.000792751,0.000557675,0.000797393,0.000544531,0.000786208,0.00030638,0.000365615,0.000416338,0.00032284,0.000695722,0.000729521,0.000533741,0.000713049,0.000703784,0.000592527,0.000466212,0.000416978,0.000495419,0.000744207,0.000474801,0.000805517,0.000735331,0.000651694,0.000634233,0.000391107,0.000846953,0.000365845,0.000414369,0.000843767,0.000361245,0.000683026,0.000368188,0.000514174,0.000753539,0.000591362,0.000601643,0.000842053,0.000819006,0.000434265,0.000651161,0.000570046,0.00070383,0.000871206,0.000432119,0.000530063,0.00084664,0.000858791,0.000306615,0.000717392,0.000430835,0.000425688,0.000416102,0.000803232,0.000637768,0.00039559,0.000714502,0.000781029,0.000408339,0.000358073,0.000597793,0.000799839,0.000626097,0.000517491,0.000400763,0.000739588,0.000756512,0.000791246,0.000371201,0.000805158,0.000343337,0.000365652,0.000480168,0.000533136,0.000665546,0.000334045,0.000353948,0.000354685,0.000649103,0.000436475,0.000719922,0.000792581,0.000721481,0.000836812,0.000856065,0.000652581,0.000661657,0.000874244,0.000440214,0.000575025,0.00037462
28,0.0006,0.000434934,0.000872458,0.000847904,0.000733336,0.00063617,0.000589968,0.000753399,0.000422741,0.000609227,0.000373527,0.000624047,0.000836356,0.000543043,0.000572793,0.000540404,0.000627021,0.000737983,0.00043117,0.000571854,0.000332083,0.000542088,0.000466405,0.000732681,0.000879509,0.000804974,0.000461114,0.000746865,0.000536762,0.000317211,0.000837781,0.000381082,0.000388035,0.000342635,0.000735266,0.000443414,0.000422628,0.000666287,0.000717918,0.000350518,0.000529577,0.000582421,0.000682033,0.00040495,0.000386859,0.000862624,0.000417196,0.000313498,0.000552608,0.000718433,0.000611577,0.000823249,0.000560987,0.000471295,0.000438112,0.000410947,0.000388953,0.000520952,0.000748829,0.000628761,0.000370933,0.00036029,0.000668033,0.000689166,0.000655513,0.000853238,0.000722686,0.000562933,0.000801575,0.000587737,0.000750744,0.000822932,0.000555351,0.00036123,0.000829676,0.000499862,0.000486885,0.0006982,0.000314905,0.000401958,0.000739243,0.00053164,0.000569591,0.000814088,0.000633419,0.000508279,0.000852278,0.000872426,0.000485549,0.000647647,0.0006155,0.000399743,0.00083606,0.000336503,0.000670476,0.000807987
29,0.0012,0.001269933,0.001615161,0.000669145,0.00121058,0.000606848,0.001357051,0.001012396,0.001199797,0.001039892,0.001068098,0.001123685,0.001620182,0.001351097,0.001471267,0.001622992,0.001597343,0.001695017,0.000681462,0.000896907,0.001617615,0.001668932,0.00080535,0.001596989,0.000672334,0.00115992,0.001622012,0.00112988,0.001414656,0.001776573,0.001313732,0.001077016,0.001393782,0.001757331,0.001073764,0.001342545,0.001759079,0.001664859,0.000829701,0.000735724,0.001509908,0.001415752,0.00089922,0.000930648,0.001602535,0.001400397,0.001434426,0.00107374,0.00174257,0.001250742,0.000803041,0.001220862,0.001071528,0.001736568,0.001112479,0.001124197,0.000608044,0.001429976,0.001625946,0.001187257,0.001055731,0.001455204,0.001782094,0.000697568,0.001358784,0.000809455,0.000631337,0.001185315,0.001402188,0.001768548,0.00105769,0.001227081,0.000692636,0.001486923,0.001355795,0.001700847,0.001749105,0.001739139,0.001136939,0.001637315,0.00116323,0.001424232,0.001195651,0.001667002,0.001156309,0.001364618,0.001050884,0.001165546,0.000637246,0.000955483,0.0006192,0.001705773,0.001338899,0.001405411,0.001515974,0.001642567
30,0.002,0.002149483,0.001876951,0.001315975,0.002064855,0.002748464,0.001993237,0.002243356,0.001359026,0.001626761,0.002910288,0.00223681,0.002775597,0.002577793,0.001798663,0.002852133,0.001179396,0.001468904,0.002591639,0.002019242,0.002481826,0.002532891,0.001496683,0.001418629,0.00119537,0.001562327,0.002918511,0.002578755,0.001322878,0.001727217,0.002354675,0.001812478,0.002832835,0.002911306,0.001546952,0.001797457,0.002315705,0.002321344,0.001370407,0.001238271,0.002071046,0.001804394,0.002991992,0.001044064,0.001460971,0.001024869,0.002022252,0.002176397,0.001224822,0.001820349,0.001381609,0.002212011,0.00174702,0.002600792,0.002674139,0.001878172,0.00157549,0.002844601,0.002781283,0.002326898,0.001584966,0.002482765,0.002763988,0.002574473,0.001814719,0.001170513,0.001886805,0.001869158,0.001330606,0.00203278,0.002331598,0.001096364,0.001604166,0.002650013,0.001083153,0.001447954,0.001308429,0.002178997,0.001136902,0.002558514,0.002629794,0.001545868,0.00290521,0.00294251,0.002658305,0.001822759,0.002635822,0.001350888,0.002775269,0.001225791,0.002181712,0.002453021,0.001488442,0.002074648,0.002960606,0.002526503
31,0.0015,0.001534395,0.000821483,0.001544005,0.002066072,0.000955832,0.001204534,0.001984535,0.002117926,0.001494286,0.001046947,0.000978142,0.001068439,0.00211611,0.002082798,0.001345908,0.001278993,0.002215431,0.00199693,0.001780262,0.0013654,0.001943156,0.000963403,0.000997652,0.00157851,0.002063534,0.002098893,0.002124811,0.001681151,0.001366208,0.000972871,0.001899441,0.001593914,0.001144811,0.000863928,0.002219706,0.001942936,0.001328822,0.001679157,0.002224566,0.001124059,0.002120827,0.001943076,0.000955119,0.001031061,0.001852982,0.001723963,0.001367839,0.001064251,0.001383685,0.000814603,0.000797799,0.00147755,0.002215415,0.001085932,0.001939698,0.001844735,0.002131874,0.002194286,0.001530288,0.002039789,0.002080559,0.001644791,0.000992107,0.001238908,0.000867941,0.001700157,0.001089003,0.001924357,0.001791361,0.000781063,0.001299152,0.001484836,0.001538193,0.000756706,0.001211388,0.001179235,0.001867395,0.001510628,0.001850728,0.001392445,0.001039423,0.001747451,0.000842622,0.001151556,0.001632665,0.001563009,0.000758618,0.001524824,0.000920024,0.001143868,0.00136005,0.002122675,0.001621314,0.002049591,0.001938375
32,0.0021,0.002755131,0.001484426,0.003028962,0.002078333,0.0027876,0.001291258,0.002323625,0.001395515,0.002471671,0.00288042,0.002727072,0.002151313,0.002240674,0.002706438,0.002054407,0.0011224,0.001967557,0.003038736,0.002227703,0.001200048,0.001992121,0.001906896,0.003092523,0.002215282,0.001318021,0.002641355,0.002163318,0.002730425,0.001884355,0.002617197,0.001627214,0.001815337,0.002538121,0.001273669,0.001590169,0.001747356,0.002482704,0.002664799,0.002802027,0.002368471,0.003109908,0.002173654,0.002450548,0.002928904,0.001265594,0.001568755,0.002631413,0.001701897,0.002094394,0.001105453,0.001159993,0.001563941,0.001841454,0.00235442,0.0016455,0.001259653,0.002822773,0.003028432,0.001470681,0.001545039,0.001111768,0.001633968,0.001146449,0.001662967,0.002376607,0.001714565,0.002584146,0.001104077,0.001568685,0.001061472,0.003035633,0.00273342,0.002921245,0.00128055,0.002524177,0.002266958,0.001979985,0.002487084,0.001068278,0.001864085,0.00226235,0.002248834,0.001089638,0.001340571,0.002711857,0.00164635,0.003003452,0.002052572,0.002727337,0.001574129,0.002499008,0.002029974,0.002781749,0.002581088,0.00193517
33,0.0006,0.000805607,0.000407893,0.000357257,0.00043145,0.000610842,0.000320969,0.000721622,0.00081692,0.000776668,0.000330551,0.000818135,0.000306977,0.000478813,0.000807774,0.00054814,0.000784247,0.000884762,0.000586362,0.000392912,0.000743336,0.000796482,0.000544585,0.000729205,0.000498561,0.000429028,0.000703998,0.000540453,0.000884829,0.000602432,0.000880875,0.000707973,0.000355487,0.000305574,0.000768727,0.000497764,0.000512074,0.000781493,0.000578409,0.00067143,0.000622783,0.000646652,0.000301621,0.000678905,0.000329556,0.000667632,0.000370671,0.000896763,0.000843359,0.000662235,0.000321814,0.000442908,0.000663119,0.000332872,0.000897605,0.000496111,0.000696119,0.000676909,0.000560861,0.000808283,0.000663489,0.00078434,0.000532838,0.000404596,0.000353779,0.000486074,0.000517045,0.000382316,0.00067169,0.000419567,0.000592283,0.000535301,0.000840585,0.00075197,0.000808647,0.000739853,0.000772152,0.000538977,0.000555053,0.000562258,0.000704965,0.000355729,0.000856466,0.000378953,0.000394516,0.000438847,0.000565533,0.000334624,0.000513017,0.000464191,0.000552778,0.000315014,0.000738538,0.000876065,0.000890767,0.000354772